{
  "incumbent_ids": [
    6
  ],
  "rejected_config_ids": [
    1,
    2
  ],
  "incumbents_changed": 3,
  "trajectory": [
    {
      "config_ids": [
        1
      ],
      "costs": [
        0.9949815910152539
      ],
      "trial": 1,
      "walltime": 143.75551080703735
    },
    {
      "config_ids": [
        2
      ],
      "costs": [
        0.9757097556053638
      ],
      "trial": 2,
      "walltime": 215.6276831626892
    },
    {
      "config_ids": [
        6
      ],
      "costs": [
        0.9504934653344959
      ],
      "trial": 6,
      "walltime": 1005.5174424648285
    }
  ],
  "state": {
    "queue": [
      [
        15,
        1
      ]
    ]
  }
}