{
  "stats": {
    "submitted": 19,
    "finished": 19,
    "running": 0
  },
  "data": [
    [
      1,
      null,
      209652396,
      null,
      0.9949815910152539,
      41.83101010322571,
      1,
      1704284780.227876,
      1704284822.0600371,
      {}
    ],
    [
      2,
      null,
      209652396,
      null,
      0.9747019249712603,
      57.555134773254395,
      1,
      1704284822.2199144,
      1704284879.7766838,
      {}
    ],
    [
      3,
      null,
      209652396,
      null,
      0.9851585411551138,
      56.53186511993408,
      1,
      1704284879.904939,
      1704284936.4392946,
      {}
    ],
    [
      4,
      null,
      209652396,
      null,
      0.9736365002615276,
      82.25351333618164,
      1,
      1704284936.582468,
      1704285018.8379204,
      {}
    ],
    [
      5,
      null,
      209652396,
      null,
      0.9674792245988522,
      159.60877966880798,
      1,
      1704285019.004181,
      1704285178.6154056,
      {}
    ],
    [
      6,
      null,
      209652396,
      null,
      0.9674792245988522,
      187.67440843582153,
      1,
      1704285179.098048,
      1704285366.7736804,
      {}
    ],
    [
      7,
      null,
      209652396,
      null,
      0.9674792245988522,
      233.90962648391724,
      1,
      1704285367.8379495,
      1704285601.749186,
      {}
    ],
    [
      8,
      null,
      209652396,
      null,
      0.9674792245988522,
      263.9703722000122,
      1,
      1704285602.829135,
      1704285866.8020263,
      {}
    ],
    [
      9,
      null,
      209652396,
      null,
      0.9674792245988522,
      165.78560304641724,
      1,
      1704285866.9735224,
      1704286032.7614331,
      {}
    ],
    [
      10,
      null,
      209652396,
      null,
      0.9674792245988522,
      170.0286681652069,
      1,
      1704286033.196749,
      1704286203.228046,
      {}
    ],
    [
      11,
      null,
      209652396,
      null,
      0.9851585411551138,
      240.6241478919983,
      1,
      1704286209.5116909,
      1704286450.1382246,
      {}
    ],
    [
      12,
      null,
      209652396,
      null,
      0.9851585411551138,
      128.18550157546997,
      1,
      1704286450.630841,
      1704286578.8185086,
      {}
    ],
    [
      13,
      null,
      209652396,
      null,
      0.9727315097744259,
      108.99179267883301,
      1,
      1704286578.9988327,
      1704286687.9928465,
      {}
    ],
    [
      14,
      null,
      209652396,
      null,
      0.9674792245988522,
      289.58281326293945,
      1,
      1704286689.4613547,
      1704286979.0453498,
      {}
    ],
    [
      15,
      null,
      209652396,
      null,
      0.9674792245988522,
      402.3728029727936,
      1,
      1704286989.6910362,
      1704287392.065675,
      {}
    ],
    [
      16,
      null,
      209652396,
      null,
      0.9851585411551138,
      219.72926950454712,
      1,
      1704287393.2939827,
      1704287613.025409,
      {}
    ],
    [
      17,
      null,
      209652396,
      null,
      0.9674792245988522,
      226.41748809814453,
      1,
      1704287613.169534,
      1704287839.589365,
      {}
    ],
    [
      18,
      null,
      209652396,
      null,
      0.9851585411551138,
      365.27001571655273,
      1,
      1704287840.0444112,
      1704288205.3161218,
      {}
    ],
    [
      19,
      null,
      209652396,
      null,
      0.9674792245988522,
      216.60231757164001,
      1,
      1704288207.3251288,
      1704288423.9299448,
      {}
    ]
  ],
  "configs": {
    "1": {
      "algorithm": "pc",
      "pc_alpha": 0.034822587817907334,
      "pc_depth": -1,
      "pc_rule": 1,
      "pc_test": "cg-lr-test"
    },
    "2": {
      "algorithm": "pc",
      "pc_alpha": 0.019953832477331162,
      "pc_depth": -1,
      "pc_rule": 2,
      "pc_test": "dg-lr-test"
    },
    "3": {
      "algorithm": "pc",
      "pc_alpha": 0.04255865763872862,
      "pc_depth": -1,
      "pc_rule": 1,
      "pc_test": "cg-lr-test"
    },
    "4": {
      "algorithm": "pc",
      "pc_alpha": 0.02766178797930479,
      "pc_depth": -1,
      "pc_rule": 3,
      "pc_test": "dg-lr-test"
    },
    "5": {
      "algorithm": "pc",
      "pc_alpha": 0.04968231204897165,
      "pc_depth": -1,
      "pc_rule": 2,
      "pc_test": "dg-lr-test"
    },
    "6": {
      "algorithm": "pc",
      "pc_alpha": 0.04972781182911399,
      "pc_depth": -1,
      "pc_rule": 2,
      "pc_test": "dg-lr-test"
    },
    "7": {
      "algorithm": "pc",
      "pc_alpha": 0.04949172718032398,
      "pc_depth": -1,
      "pc_rule": 2,
      "pc_test": "dg-lr-test"
    },
    "8": {
      "algorithm": "pc",
      "pc_alpha": 0.04938471545666221,
      "pc_depth": -1,
      "pc_rule": 2,
      "pc_test": "dg-lr-test"
    },
    "9": {
      "algorithm": "pc",
      "pc_alpha": 0.04957422808057929,
      "pc_depth": -1,
      "pc_rule": 2,
      "pc_test": "dg-lr-test"
    },
    "10": {
      "algorithm": "pc",
      "pc_alpha": 0.049727380472926616,
      "pc_depth": -1,
      "pc_rule": 2,
      "pc_test": "dg-lr-test"
    },
    "11": {
      "algorithm": "pc",
      "pc_alpha": 0.048546510420041177,
      "pc_depth": -1,
      "pc_rule": 1,
      "pc_test": "cg-lr-test"
    },
    "12": {
      "algorithm": "pc",
      "pc_alpha": 0.04702386553170644,
      "pc_depth": -1,
      "pc_rule": 3,
      "pc_test": "cg-lr-test"
    },
    "13": {
      "algorithm": "pc",
      "pc_alpha": 0.038610546854102146,
      "pc_depth": -1,
      "pc_rule": 2,
      "pc_test": "dg-lr-test"
    },
    "14": {
      "algorithm": "pc",
      "pc_alpha": 0.04910329289191235,
      "pc_depth": -1,
      "pc_rule": 3,
      "pc_test": "dg-lr-test"
    },
    "15": {
      "algorithm": "pc",
      "pc_alpha": 0.04928795751757255,
      "pc_depth": -1,
      "pc_rule": 1,
      "pc_test": "dg-lr-test"
    },
    "16": {
      "algorithm": "pc",
      "pc_alpha": 0.04902960287488584,
      "pc_depth": -1,
      "pc_rule": 3,
      "pc_test": "cg-lr-test"
    },
    "17": {
      "algorithm": "pc",
      "pc_alpha": 0.049237949437722285,
      "pc_depth": -1,
      "pc_rule": 1,
      "pc_test": "dg-lr-test"
    },
    "18": {
      "algorithm": "pc",
      "pc_alpha": 0.04916384112134252,
      "pc_depth": -1,
      "pc_rule": 1,
      "pc_test": "cg-lr-test"
    },
    "19": {
      "algorithm": "pc",
      "pc_alpha": 0.0492414444591006,
      "pc_depth": -1,
      "pc_rule": 3,
      "pc_test": "dg-lr-test"
    }
  },
  "config_origins": {
    "1": "Initial Design: Sobol",
    "2": "Initial Design: Sobol",
    "3": "Initial Design: Sobol",
    "4": "Initial Design: Sobol",
    "5": "Initial Design: Sobol",
    "6": "Acquisition Function Maximizer: Local Search",
    "7": "Acquisition Function Maximizer: Local Search",
    "8": "Acquisition Function Maximizer: Local Search",
    "9": "Acquisition Function Maximizer: Local Search",
    "10": "Acquisition Function Maximizer: Local Search",
    "11": "Acquisition Function Maximizer: Random Search (sorted)",
    "12": "Acquisition Function Maximizer: Random Search (sorted)",
    "13": "Acquisition Function Maximizer: Local Search",
    "14": "Acquisition Function Maximizer: Local Search",
    "15": "Acquisition Function Maximizer: Local Search",
    "16": "Acquisition Function Maximizer: Local Search",
    "17": "Acquisition Function Maximizer: Local Search",
    "18": "Acquisition Function Maximizer: Local Search",
    "19": "Acquisition Function Maximizer: Local Search"
  }
}