{
  "stats": {
    "submitted": 25,
    "finished": 25,
    "running": 0
  },
  "data": [
    [
      1,
      null,
      209652396,
      null,
      0.019,
      80.63516569137573,
      1,
      1704282688.418952,
      1704282769.057321,
      {}
    ],
    [
      2,
      null,
      209652396,
      null,
      0.04650000000000001,
      79.39995789527893,
      1,
      1704282769.2175393,
      1704282848.62652,
      {}
    ],
    [
      3,
      null,
      209652396,
      null,
      0.0,
      77.63728189468384,
      1,
      1704282848.9245248,
      1704282926.5663002,
      {}
    ],
    [
      4,
      null,
      209652396,
      null,
      0.04650000000000001,
      80.50192713737488,
      1,
      1704282926.894075,
      1704283007.4015381,
      {}
    ],
    [
      5,
      null,
      209652396,
      null,
      0.0655,
      81.56652784347534,
      1,
      1704283007.8063443,
      1704283089.3805184,
      {}
    ],
    [
      6,
      null,
      209652396,
      null,
      0.0,
      83.60902953147888,
      1,
      1704283090.3366394,
      1704283173.9489741,
      {}
    ],
    [
      7,
      null,
      209652396,
      null,
      0.028500000000000004,
      85.80471730232239,
      1,
      1704283174.089449,
      1704283259.8999097,
      {}
    ],
    [
      8,
      null,
      209652396,
      null,
      0.0,
      84.34573721885681,
      1,
      1704283260.0571127,
      1704283344.4070861,
      {}
    ],
    [
      9,
      null,
      209652396,
      null,
      0.0,
      86.37597799301147,
      1,
      1704283344.6015737,
      1704283430.9833019,
      {}
    ],
    [
      10,
      null,
      209652396,
      null,
      0.0095,
      87.07828712463379,
      1,
      1704283431.2883844,
      1704283518.3721206,
      {}
    ],
    [
      11,
      null,
      209652396,
      null,
      0.019,
      158.53743171691895,
      1,
      1704283522.9763033,
      1704283681.5199955,
      {}
    ],
    [
      12,
      null,
      209652396,
      null,
      0.04650000000000001,
      100.23548412322998,
      1,
      1704283681.7019072,
      1704283781.9435441,
      {}
    ],
    [
      13,
      null,
      209652396,
      null,
      0.0,
      122.02465534210205,
      1,
      1704283782.1265368,
      1704283904.157158,
      {}
    ],
    [
      14,
      null,
      209652396,
      null,
      0.0,
      97.63414597511292,
      1,
      1704283915.2745202,
      1704284012.9122236,
      {}
    ],
    [
      15,
      null,
      209652396,
      null,
      0.0,
      118.91877126693726,
      1,
      1704284013.0953557,
      1704284132.0199306,
      {}
    ],
    [
      16,
      null,
      209652396,
      null,
      0.0,
      94.10306167602539,
      1,
      1704284132.1534438,
      1704284226.2622206,
      {}
    ],
    [
      17,
      null,
      209652396,
      null,
      0.0,
      93.13465690612793,
      1,
      1704284226.4346666,
      1704284319.5754278,
      {}
    ],
    [
      18,
      null,
      209652396,
      null,
      0.0,
      103.55032300949097,
      1,
      1704284319.7365057,
      1704284423.2928553,
      {}
    ],
    [
      19,
      null,
      209652396,
      null,
      0.0,
      128.59195804595947,
      1,
      1704284423.5917664,
      1704284552.189783,
      {}
    ],
    [
      20,
      null,
      209652396,
      null,
      0.019,
      148.8513307571411,
      1,
      1704284552.3133032,
      1704284701.170334,
      {}
    ],
    [
      21,
      null,
      209652396,
      null,
      0.0,
      179.02110815048218,
      1,
      1704284701.3445027,
      1704284880.3716464,
      {}
    ],
    [
      22,
      null,
      209652396,
      null,
      0.14200000000000002,
      377.9668560028076,
      1,
      1704284880.5437021,
      1704285258.5152743,
      {}
    ],
    [
      23,
      null,
      209652396,
      null,
      0.0,
      353.49701142311096,
      1,
      1704285260.6422534,
      1704285614.1422763,
      {}
    ],
    [
      24,
      null,
      209652396,
      null,
      0.0,
      376.1126699447632,
      1,
      1704285614.3482406,
      1704285990.464094,
      {}
    ],
    [
      25,
      null,
      209652396,
      null,
      0.0,
      472.0710520744324,
      1,
      1704285991.9317594,
      1704286464.007366,
      {}
    ]
  ],
  "configs": {
    "1": {
      "algorithm": "pcstable",
      "pcstable_alpha": 0.012336650341749193,
      "pcstable_depth": -1,
      "pcstable_rule": 1,
      "pcstable_test": "cg-lr-test"
    },
    "2": {
      "algorithm": "cpcstable",
      "cpcstable_alpha": 0.0239634283259511,
      "cpcstable_depth": -1,
      "cpcstable_rule": 3,
      "cpcstable_test": "cg-lr-test"
    },
    "3": {
      "algorithm": "grasp",
      "grasp_alpha": 0.03486528065055609,
      "grasp_depth": 0,
      "grasp_n_starts": 10,
      "grasp_penalty": 1.2671741358935833,
      "grasp_score": "dg-bic-score",
      "grasp_structure": 0.8340908475220203,
      "grasp_test": "cg-lr-test"
    },
    "4": {
      "algorithm": "pcstable",
      "pcstable_alpha": 0.024379986971616745,
      "pcstable_depth": -1,
      "pcstable_rule": 3,
      "pcstable_test": "cg-lr-test"
    },
    "5": {
      "algorithm": "pc",
      "pc_alpha": 0.0406897846609354,
      "pc_depth": -1,
      "pc_rule": 2,
      "pc_test": "cg-lr-test"
    },
    "6": {
      "algorithm": "grasp",
      "grasp_alpha": 0.022062992666981973,
      "grasp_depth": 6,
      "grasp_n_starts": 9,
      "grasp_penalty": 1.7362521147364285,
      "grasp_score": "cg-bic-score",
      "grasp_structure": 0.7199561289567278,
      "grasp_test": "cg-lr-test"
    },
    "7": {
      "algorithm": "grasp",
      "grasp_alpha": 0.05,
      "grasp_depth": 3,
      "grasp_n_starts": 5,
      "grasp_penalty": 0.929294811864916,
      "grasp_score": "dg-bic-score",
      "grasp_structure": 0.023431971672179447,
      "grasp_test": "cg-lr-test"
    },
    "8": {
      "algorithm": "grasp",
      "grasp_alpha": 0.04895338626653018,
      "grasp_depth": 5,
      "grasp_n_starts": 2,
      "grasp_penalty": 1.0787129374490703,
      "grasp_score": "cg-bic-score",
      "grasp_structure": 0.011688348707156085,
      "grasp_test": "cg-lr-test"
    },
    "9": {
      "algorithm": "grasp",
      "grasp_alpha": 0.049768229206297754,
      "grasp_depth": 6,
      "grasp_n_starts": 5,
      "grasp_penalty": 0.712744451814213,
      "grasp_score": "cg-bic-score",
      "grasp_structure": 0.18452878843551,
      "grasp_test": "cg-lr-test"
    },
    "10": {
      "algorithm": "grasp",
      "grasp_alpha": 0.0481120286128934,
      "grasp_depth": 0,
      "grasp_n_starts": 4,
      "grasp_penalty": 1.1704579536092203,
      "grasp_score": "dg-bic-score",
      "grasp_structure": 0.0,
      "grasp_test": "dg-lr-test"
    },
    "11": {
      "algorithm": "grasp",
      "grasp_alpha": 0.04951937087686962,
      "grasp_depth": 5,
      "grasp_n_starts": 3,
      "grasp_penalty": 1.0,
      "grasp_score": "dg-bic-score",
      "grasp_structure": 0.06538757561942529,
      "grasp_test": "dg-lr-test"
    },
    "12": {
      "algorithm": "grasp",
      "grasp_alpha": 0.04760141165401318,
      "grasp_depth": 1,
      "grasp_n_starts": 5,
      "grasp_penalty": 0.8366987683137156,
      "grasp_score": "dg-bic-score",
      "grasp_structure": 0.13244409214584793,
      "grasp_test": "cg-lr-test"
    },
    "13": {
      "algorithm": "grasp",
      "grasp_alpha": 0.04213564783280466,
      "grasp_depth": 1,
      "grasp_n_starts": 6,
      "grasp_penalty": 1.0369206782600622,
      "grasp_score": "cg-bic-score",
      "grasp_structure": 0.008892646991186208,
      "grasp_test": "dg-lr-test"
    },
    "14": {
      "algorithm": "grasp",
      "grasp_alpha": 0.04675030670758878,
      "grasp_depth": 7,
      "grasp_n_starts": 8,
      "grasp_penalty": 1.0249514445135495,