{
  "stats": {
    "submitted": 28,
    "finished": 28,
    "running": 0
  },
  "data": [
    [
      1,
      null,
      209652396,
      null,
      0.019,
      108.27896332740784,
      1,
      1706888823.1262927,
      1706888931.4109013,
      {}
    ],
    [
      2,
      null,
      209652396,
      null,
      0.04650000000000001,
      108.62946033477783,
      1,
      1706888931.597641,
      1706889040.235937,
      {}
    ],
    [
      3,
      null,
      209652396,
      null,
      0.0,
      119.11305046081543,
      1,
      1706889041.2389727,
      1706889160.3579354,
      {}
    ],
    [
      4,
      null,
      209652396,
      null,
      0.04650000000000001,
      147.04380869865417,
      1,
      1706889161.092797,
      1706889308.1425266,
      {}
    ],
    [
      5,
      null,
      209652396,
      null,
      0.0655,
      207.02024388313293,
      1,
      1706889308.4057217,
      1706889515.4318144,
      {}
    ],
    [
      6,
      null,
      209652396,
      null,
      0.10049999999999999,
      101.11159110069275,
      1,
      1706889515.6630986,
      1706889616.780559,
      {}
    ],
    [
      7,
      null,
      209652396,
      null,
      0.019,
      97.24599480628967,
      1,
      1706889618.442756,
      1706889715.6946259,
      {}
    ],
    [
      8,
      null,
      209652396,
      null,
      0.0,
      96.09728598594666,
      1,
      1706889715.8146229,
      1706889811.9174771,
      {}
    ],
    [
      9,
      null,
      209652396,
      null,
      0.0,
      97.88205170631409,
      1,
      1706889812.00027,
      1706889909.8876593,
      {}
    ],
    [
      10,
      null,
      209652396,
      null,
      0.019,
      164.53513598442078,
      1,
      1706889910.2538066,
      1706890074.795482,
      {}
    ],
    [
      11,
      null,
      209652396,
      null,
      0.019,
      178.40776777267456,
      1,
      1706890074.9311788,
      1706890253.3445177,
      {}
    ],
    [
      12,
      null,
      209652396,
      null,
      0.028500000000000004,
      134.29029846191406,
      1,
      1706890253.4646492,
      1706890387.7605562,
      {}
    ],
    [
      13,
      null,
      209652396,
      null,
      0.05600000000000001,
      169.61465001106262,
      1,
      1706890387.8593254,
      1706890557.4799786,
      {}
    ],
    [
      14,
      null,
      209652396,
      null,
      0.028500000000000004,
      133.19972038269043,
      1,
      1706890557.9079416,
      1706890691.113547,
      {}
    ],
    [
      15,
      null,
      209652396,
      null,
      0.0,
      199.61484575271606,
      1,
      1706890693.477507,
      1706890893.0952935,
      {}
    ],
    [
      16,
      null,
      209652396,
      null,
      0.0,
      175.41119861602783,
      1,
      1706890893.361108,
      1706891068.7780132,
      {}
    ],
    [
      17,
      null,
      209652396,
      null,
      0.0,
      226.4374589920044,
      1,
      1706891069.0152256,
      1706891295.4580114,
      {}
    ],
    [
      18,
      null,
      209652396,
      null,
      0.0,
      124.1543185710907,
      1,
      1706891295.572418,
      1706891419.7324638,
      {}
    ],
    [
      19,
      null,
      209652396,
      null,
      0.0,
      125.92650389671326,
      1,
      1706891419.8431425,
      1706891545.775834,
      {}
    ],
    [
      20,
      null,
      209652396,
      null,
      0.0,
      103.29067635536194,
      1,
      1706891545.8999598,
      1706891649.1963093,
      {}
    ],
    [
      21,
      null,
      209652396,
      null,
      0.019,
      113.93779611587524,
      1,
      1706891649.3553107,
      1706891763.2989585,
      {}
    ],
    [
      22,
      null,
      209652396,
      null,
      0.0,
      124.82267308235168,
      1,
      1706891763.6626756,
      1706891888.4912617,
      {}
    ],
    [
      23,
      null,
      209652396,
      null,
      0.14200000000000002,
      104.3578269481659,
      1,
      1706891888.6828887,
      1706891993.0459526,
      {}
    ],
    [
      24,
      null,
      209652396,
      null,
      0.0,
      101.88332748413086,
      1,
      1706891994.3979876,
      1706892096.2855127,
      {}
    ],
    [
      25,
      null,
      209652396,
      null,
      0.0,
      99.12463331222534,
      1,
      1706892096.502244,
      1706892195.632152,
      {}
    ],
    [
      26,
      null,
      209652396,
      null,
      0.0,
      96.33350539207458,
      1,
      1706892195.7726257,
      1706892292.111982,
      {}
    ],
    [
      27,
      null,
      209652396,
      null,
      0.0,
      97.76055407524109,
      1,
      1706892292.2526035,
      1706892390.018851,
      {}
    ],
    [
      28,
      null,
      209652396,
      null,
      0.0,
      96.06803321838379,
      1,
      1706892390.1650696,
      1706892486.2388132,
      {}
    ]
  ],
  "configs": {
    "1": {
      "algorithm": "pcstable",
      "pcstable_alpha": 0.012336650341749193,
      "pcstable_depth": -1,
      "pcstable_rule": 1,
      "pcstable_test": "cg-lr-test"
    },
    "2": {
      "algorithm": "cpcstable",
      "cpcstable_alpha": 0.0239634283259511,
      "cpcstable_depth": -1,
      "cpcstable_rule": 3,
      "cpcstable_test": "cg-lr-test"
    },
    "3": {
      "algorithm": "grasp",
      "grasp_alpha": 0.03486528065055609,
      "grasp_depth": 0,
      "grasp_n_starts": 10,
      "grasp_penalty": 1.2671741358935833,
      "grasp_score": "dg-bic-score",
      "grasp_structure": 0.8340908475220203,
      "grasp_test": "cg-lr-test"
    },
    "4": {
      "algorithm": "pcstable",
      "pcstable_alpha": 0.024379986971616745,
      "pcstable_depth": -1,
      "pcstable_rule": 3,
      "pcstable_test": "cg-lr-test"
    },
    "5": {
      "algorithm": "pc",
      "pc_alpha": 0.0406897846609354,
      "pc_depth": -1,
      "pc_rule": 2,
      "pc_test": "cg-lr-test"
    },
    "6": {
      "algorithm": "pc",
      "pc_alpha": 0.05,
      "pc_depth": -1,
      "pc_rule": 1,
      "pc_test": "cg-lr-test"
    },
    "7": {
      "algorithm": "grasp",
      "grasp_alpha": 0.036588455616263824,
      "grasp_depth": 0,
      "grasp_n_starts": 8,
      "grasp_penalty": 1.1298696496616287,
      "grasp_score": "dg-bic-score",
      "grasp_structure": 0.8340908475220203,
      "grasp_test": "dg-lr-test"
    },
    "8": {
      "algorithm": "grasp",
      "grasp_alpha": 0.021502335553285186,
      "grasp_depth": 3,
      "grasp_n_starts": 3,
      "grasp_penalty": 1.9436519167768087,
      "grasp_score": "dg-bic-score",
      "grasp_structure": 0.7876751251641213,
      "grasp_test": "cg-lr-test"
    },
    "9": {
      "algorithm": "grasp",
      "grasp_alpha": 0.022062992666981973,
      "grasp_depth": 6,
      "grasp_n_starts": 9,
      "grasp_penalty": 1.7362521147364285,
      "grasp_score": "cg-bic-score",
      "grasp_structure": 0.7199561289567278,
      "grasp_test": "cg-lr-test"
    },
    "10": {
      "algorithm": "grasp",
      "grasp_alpha": 0.04742118252016307,
      "grasp_depth": 2,
      "grasp_n_starts": 5,
      "grasp_penalty": 1.0,
      "grasp_score": "dg-bic-score",
      "grasp_structure": 0.0,
      "grasp_test": "cg-lr-test"
    },
    "11": {
      "algorithm": "grasp",
      "grasp_alpha": 0.04877011899479674,
      "grasp_depth": 3,
      "grasp_n_starts": 3,
      "grasp_penalty": 1.057434006921607,
      "grasp_score": "dg-bic-score",
      "grasp_structure": 0.23336978562464866,
      "grasp_test": "dg-lr-test"
    },
    "12": {
      "algorithm": "grasp",
      "grasp_alpha": 0.05,
      "grasp_depth": 6,
      "grasp_n_starts": 6,
      "grasp_penalty": 0.9226137474304414,
      "grasp_score": "dg-bic-score",
      "grasp_structure": 0.007724559915645106,
      "grasp_test": "dg-lr-test"
    },
    "13": {
      "algorithm": "grasp",
      "grasp_alpha": 0.04988840428520524,
      "grasp_depth": 6,