{
  "stats": {
    "submitted": 48,
    "finished": 48,
    "running": 0
  },
  "data": [
    [
      1,
      null,
      209652396,
      null,
      0.9949815910152539,
      37.64041996002197,
      1,
      1704282439.0424585,
      1704282476.6893432,
      {}
    ],
    [
      2,
      null,
      209652396,
      null,
      0.9949815910152539,
      42.05643892288208,
      1,
      1704282476.9188304,
      1704282518.9813902,
      {}
    ],
    [
      3,
      null,
      209652396,
      null,
      0.9949815910152539,
      45.46360635757446,
      1,
      1704282523.4891574,
      1704282568.9588442,
      {}
    ],
    [
      4,
      null,
      209652396,
      null,
      0.9949815910152539,
      40.28366541862488,
      1,
      1704282570.4320712,
      1704282610.7218425,
      {}
    ],
    [
      5,
      null,
      209652396,
      null,
      0.9881951516095016,
      42.01171612739563,
      1,
      1704282610.9103017,
      1704282652.927891,
      {}
    ],
    [
      6,
      null,
      209652396,
      null,
      0.9851585411551138,
      41.99857211112976,
      1,
      1704282654.0284297,
      1704282696.0328982,
      {}
    ],
    [
      7,
      null,
      209652396,
      null,
      0.9851585411551138,
      43.86218070983887,
      1,
      1704282696.3942375,
      1704282740.2628272,
      {}
    ],
    [
      8,
      null,
      209652396,
      null,
      0.9851585411551138,
      42.97343730926514,
      1,
      1704282741.1850603,
      1704282784.1644247,
      {}
    ],
    [
      9,
      null,
      209652396,
      null,
      0.9851585411551138,
      42.64233469963074,
      1,
      1704282784.3325253,
      1704282826.981066,
      {}
    ],
    [
      10,
      null,
      209652396,
      null,
      0.9851585411551138,
      40.83613038063049,
      1,
      1704282827.1201537,
      1704282867.9628396,
      {}
    ],
    [
      11,
      null,
      209652396,
      null,
      0.9851585411551138,
      44.14220070838928,
      1,
      1704282868.182166,
      1704282912.3288004,
      {}
    ],
    [
      12,
      null,
      209652396,
      null,
      0.9851585411551138,
      42.45231628417969,
      1,
      1704282912.4768102,
      1704282954.9331331,
      {}
    ],
    [
      13,
      null,
      209652396,
      null,
      0.9851585411551138,
      44.124170541763306,
      1,
      1704282955.6396577,
      1704282999.7694705,
      {}
    ],
    [
      14,
      null,
      209652396,
      null,
      0.9851585411551138,
      44.98866295814514,
      1,
      1704283001.94721,
      1704283046.9412425,
      {}
    ],
    [
      15,
      null,
      209652396,
      null,
      0.9674792245988522,
      52.65275168418884,
      1,
      1704283047.097814,
      1704283099.7555308,
      {}
    ],
    [
      16,
      null,
      209652396,
      null,
      0.9851585411551138,
      45.252557039260864,
      1,
      1704283100.2717378,
      1704283145.5319395,
      {}
    ],
    [
      17,
      null,
      209652396,
      null,
      0.9851585411551138,
      46.1926805973053,
      1,
      1704283145.7333755,
      1704283191.9320512,
      {}
    ],
    [
      18,
      null,
      209652396,
      null,
      0.9674792245988522,
      53.70284962654114,
      1,
      1704283192.232099,
      1704283245.939998,
      {}
    ],
    [
      19,
      null,
      209652396,
      null,
      0.9674792245988522,
      54.26506948471069,
      1,
      1704283246.213456,
      1704283300.4833963,
      {}
    ],
    [
      20,
      null,
      209652396,
      null,
      0.9949815910152539,
      43.89420413970947,
      1,
      1704283300.6632946,
      1704283344.5637763,
      {}
    ],
    [
      21,
      null,
      209652396,
      null,
      0.9949815910152539,
      42.38892650604248,
      1,
      1704283344.7101188,
      1704283387.1045463,
      {}
    ],
    [
      22,
      null,
      209652396,
      null,
      0.9851144783682083,
      49.16962671279907,
      1,
      1704283387.2786055,
      1704283436.4532492,
      {}
    ],
    [
      23,
      null,
      209652396,
      null,
      0.9727315097744259,
      51.57916474342346,
      1,
      1704283437.903199,
      1704283489.4877567,
      {}
    ],
    [
      24,
      null,
      209652396,
      null,
      0.9676936740511728,
      83.24126291275024,
      1,
      1704283489.6529598,
      1704283572.8992898,
      {}
    ],
    [
      25,
      null,
      209652396,
      null,
      0.9664871631557576,
      90.69566917419434,
      1,
      1704283587.0588756,
      1704283677.7607682,
      {}
    ],
    [
      26,
      null,
      209652396,
      null,
      0.9674792245988522,
      60.44988751411438,
      1,
      1704283677.98155,
      1704283738.4364953,
      {}
    ],
    [
      27,
      null,
      209652396,
      null,
      0.9676936740511728,
      61.24999141693115,
      1,
      1704283738.7680995,
      1704283800.0234873,
      {}
    ],
    [
      28,
      null,
      209652396,
      null,
      0.9674792245988522,
      58.93881368637085,
      1,
      1704283800.45929,
      1704283859.40349,
      {}
    ],
    [
      29,
      null,
      209652396,
      null,
      0.9674792245988522,
      81.51164436340332,
      1,
      1704283879.9335127,
      1704283961.4518034,
      {}
    ],
    [
      30,
      null,
      209652396,
      null,
      0.9826851645042025,
      55.563013315200806,
      1,
      1704283961.7029438,
      1704284017.2710595,
      {}
    ],
    [
      31,
      null,
      209652396,
      null,
      0.9664871631557576,
      68.14832162857056,
      1,
      1704284019.1516256,
      1704284087.3057272,
      {}
    ],
    [
      32,
      null,
      209652396,
      null,
      0.9851585411551138,
      60.48206114768982,
      1,
      1704284093.5004804,
      1704284153.9883034,
      {}
    ],
    [
      33,
      null,
      209652396,
      null,
      0.9664871631557576,
      57.71959209442139,
      1,
      1704284154.1711664,
      1704284211.8955922,
      {}
    ],
    [
      34,
      null,
      209652396,
      null,
      0.9664871631557576,
      56.4867627620697,
      1,
      1704284212.2293036,
      1704284268.7210188,
      {}
    ],
    [
      35,
      null,
      209652396,
      null,
      0.9664871631557576,
      58.1304657459259,
      1,
      1704284269.4020376,
      1704284327.5361402,
      {}
    ],
    [
      36,
      null,
      209652396,
      null,
      0.9664871631557576,
      70.404217004776,
      1,
      1704284327.9048793,
      1704284398.3156674,
      {}
    ],
    [
      37,
      null,
      209652396,
      null,
      0.9664871631557576,
      62.378193616867065,
      1,
      1704284398.5210361,
      1704284460.9043984,
      {}
    ],
    [
      38,
      null,
      209652396,
      null,
      0.973791206072671,
      79.478844165802,
      1,
      1704284462.7555587,
      1704284542.239357,
      {}
    ],
    [
      39,
      null,
      209652396,
      null,
      0.973067698020016,
      94.01151776313782,
      1,
      1704284542.4050386,
      1704284636.4213421,
      {}
    ],
    [
      40,
      null,
      209652396,
      null,
      0.9851585411551138,
      63.754918575286865,
      1,
      1704284637.2828312,
      1704284701.0433009,
      {}
    ],
    [
      41,
      null,
      209652396,
      null,
      0.973791206072671,
      110.09506797790527,
      1,
      1704284701.2760441,
      1704284811.3772457,
      {}
    ],
    [
      42,
      null,
      209652396,
      null,
      0.9727315097744259,
      110.58363199234009,
      1,
      1704284811.5327277,
      1704284922.1273725,
      {}
    ],
    [
      43,
      null,
      209652396,
      null,
      0.973067698020016,
      155.33496046066284,
      1,
      1704284923.2103064,
      1704285078.5516748,
