{
  "stats": {
    "submitted": 49,
    "finished": 49,
    "running": 0
  },
  "data": [
    [
      1,
      null,
      209652396,
      null,
      0.9949815910152539,
      48.12016415596008,
      1,
      1706888727.3005924,
      1706888775.428586,
      {}
    ],
    [
      2,
      null,
      209652396,
      null,
      0.9949815910152539,
      50.15703821182251,
      1,
      1706888775.574881,
      1706888825.7376778,
      {}
    ],
    [
      3,
      null,
      209652396,
      null,
      0.9949815910152539,
      53.621886014938354,
      1,
      1706888825.9151583,
      1706888879.54283,
      {}
    ],
    [
      4,
      null,
      209652396,
      null,
      0.9949815910152539,
      55.357693910598755,
      1,
      1706888880.1863837,
      1706888935.5497427,
      {}
    ],
    [
      5,
      null,
      209652396,
      null,
      0.9881951516095016,
      54.792784690856934,
      1,
      1706888935.7324433,
      1706888990.5308907,
      {}
    ],
    [
      6,
      null,
      209652396,
      null,
      0.986095370207654,
      59.98205924034119,
      1,
      1706888990.7400742,
      1706889050.7274613,
      {}
    ],
    [
      7,
      null,
      209652396,
      null,
      0.9674792245988522,
      67.48087167739868,
      1,
      1706889052.9732842,
      1706889120.4570735,
      {}
    ],
    [
      8,
      null,
      209652396,
      null,
      0.9851585411551138,
      102.23330926895142,
      1,
      1706889120.5659869,
      1706889222.8048415,
      {}
    ],
    [
      9,
      null,
      209652396,
      null,
      0.9851585411551138,
      57.84765648841858,
      1,
      1706889223.0304468,
      1706889280.8839114,
      {}
    ],
    [
      10,
      null,
      209652396,
      null,
      0.9674792245988522,
      69.9342029094696,
      1,
      1706889281.0915997,
      1706889351.0316062,
      {}
    ],
    [
      11,
      null,
      209652396,
      null,
      0.9851585411551138,
      138.17594647407532,
      1,
      1706889351.2996767,
      1706889489.4813347,
      {}
    ],
    [
      12,
      null,
      209652396,
      null,
      0.9851585411551138,
      66.81533312797546,
      1,
      1706889493.6477733,
      1706889560.4688282,
      {}
    ],
    [
      13,
      null,
      209652396,
      null,
      0.9658637609026224,
      58.20601963996887,
      1,
      1706889560.6030064,
      1706889618.8148546,
      {}
    ],
    [
      14,
      null,
      209652396,
      null,
      0.9674792245988522,
      60.46571373939514,
      1,
      1706889618.9492111,
      1706889679.4205596,
      {}
    ],
    [
      15,
      null,
      209652396,
      null,
      0.9674792245988522,
      58.857162952423096,
      1,
      1706889680.7492476,
      1706889739.6113935,
      {}
    ],
    [
      16,
      null,
      209652396,
      null,
      0.9658637609026224,
      61.07727384567261,
      1,
      1706889739.7277875,
      1706889800.8108013,
      {}
    ],
    [
      17,
      null,
      209652396,
      null,
      0.9673304166560782,
      60.25068211555481,
      1,
      1706889800.899379,
      1706889861.1557803,
      {}
    ],
    [
      18,
      null,
      209652396,
      null,
      0.9673304166560782,
      62.174663066864014,
      1,
      1706889861.408495,
      1706889923.5888221,
      {}
    ],
    [
      19,
      null,
      209652396,
      null,
      0.9673304166560782,
      130.45102643966675,
      1,
      1706889923.9327075,
      1706890054.3891597,
      {}
    ],
    [
      20,
      null,
      209652396,
      null,
      0.9674792245988522,
      125.18190455436707,
      1,
      1706890054.4847133,
      1706890179.6723485,
      {}
    ],
    [
      21,
      null,
      209652396,
      null,
      0.9949815910152539,
      54.975908041000366,
      1,
      1706890180.5421376,
      1706890235.5236528,
      {}
    ],
    [
      22,
      null,
      209652396,
      null,
      0.9949815910152539,
      60.92354464530945,
      1,
      1706890235.668597,
      1706890296.5978985,
      {}
    ],
    [
      23,
      null,
      209652396,
      null,
      0.9851144783682083,
      74.68400549888611,
      1,
      1706890296.8748627,
      1706890371.564627,
      {}
    ],
    [
      24,
      null,
      209652396,
      null,
      0.9658637609026224,
      73.59769344329834,
      1,
      1706890373.0940504,
      1706890446.6954613,
      {}
    ],
    [
      25,
      null,
      209652396,
      null,
      0.9658637609026224,
      115.3544397354126,
      1,
      1706890447.014526,
      1706890562.3749483,
      {}
    ],
    [
      26,
      null,
      209652396,
      null,
      0.9658637609026224,
      79.3310158252716,
      1,
      1706890562.7485683,
      1706890642.0856147,
      {}
    ],
    [
      27,
      null,
      209652396,
      null,
      0.9658637609026224,
      76.70051074028015,
      1,
      1706890642.3019602,
      1706890719.008388,
      {}
    ],
    [
      28,
      null,
      209652396,
      null,
      0.9658637609026224,
      136.98646521568298,
      1,
      1706890719.3679283,
      1706890856.360276,
      {}
    ],
    [
      29,
      null,
      209652396,
      null,
      0.9826851645042025,
      116.43277215957642,
      1,
      1706890856.710614,
      1706890973.1487715,
      {}
    ],
    [
      30,
      null,
      209652396,
      null,
      0.9658637609026224,
      73.91577696800232,
      1,
      1706890973.4674747,
      1706891047.390642,
      {}
    ],
    [
      31,
      null,
      209652396,
      null,
      0.9674792245988522,
      179.03783011436462,
      1,
      1706891047.6873212,
      1706891226.7308118,
      {}
    ],
    [
      32,
      null,
      209652396,
      null,
      0.986095370207654,
      66.62662124633789,
      1,
      1706891228.316815,
      1706891294.9490132,
      {}
    ],
    [
      33,
      null,
      209652396,
      null,
      0.986095370207654,
      64.52281141281128,
      1,
      1706891295.0724728,
      1706891359.601085,
      {}
    ],
    [
      34,
      null,
      209652396,
      null,
      0.986095370207654,
      66.54564070701599,
      1,
      1706891359.8801754,
      1706891426.4308248,
      {}
    ],
    [
      35,
      null,
      209652396,
      null,
      0.986095370207654,
      61.396947622299194,
      1,
      1706891426.5186627,
      1706891487.9206753,
      {}
    ],
    [
      36,
      null,
      209652396,
      null,
      0.986095370207654,
      70.724374294281,
      1,
      1706891488.1313057,
      1706891558.8588681,
      {}
    ],
    [
      37,
      null,
      209652396,
      null,
      0.9851585411551138,
      54.22707724571228,
      1,
      1706891558.9617329,
      1706891613.1943758,
      {}
    ],
    [
      38,
      null,
      209652396,
      null,
      0.9658637609026224,
      59.87223434448242,
      1,
      1706891613.3085372,
      1706891673.186875,
      {}
    ],
    [
      39,
      null,
      209652396,
      null,
      0.9949815910152539,
      57.242953062057495,
      1,
      1706891673.3831847,
      1706891730.6307135,
      {}
    ],
    [
      40,
      null,
      209652396,
      null,
      0.9673304166560782,
      71.13559031486511,
      1,
      1706891732.007057,
      1706891803.1480653,
      {}
    ],
    [
      41,
      null,
      209652396,
      null,
      0.9658637609026224,
      81.1728823184967,
      1,
      1706891803.3989844,
      1706891884.5776196,
      {}
    ],
    [
      42,
      null,
      209652396,
      null,
      0.9658637609026224,
      63.38520956039429,
      1,
      1706891884.733986,
      1706891948.1238198,
      {}
    ],
    [
      43,
      null,
      209652396,
      null,
      0.9673304166560782,
      61.68972444534302,
      1,
      1706891948.2290857,
